,city,Cloudiness,Country,Date,Humidity,Lat,Lng,Max Temp,Wind Speed
0,Punta Arenas,75,CL,1562434386,81,-53.16,-70.91,46.4,3.36
1,Khatanga,73,RU,1562434549,72,71.98,102.47,43.6,13.87
2,Longyearbyen,0,NO,1562434677,58,78.22,15.63,59.0,3.36
3,Luderitz,0,NA,1562434677,82,-26.65,15.16,57.2,14.99
4,Nelson Bay,90,AU,1562434677,100,-32.72,152.14,54.0,3.36
5,Tura,93,RU,1562434678,95,64.27,100.22,53.68,2.33
6,Souillac,0,FR,1562434678,45,45.6,-0.6,84.2,10.29
7,El Sauzal,90,AR,1562434678,62,-24.3,-64.96,51.8,10.29
8,Jamestown,98,AU,1562434678,88,-33.21,138.6,54.04,7.27
9,Barrow,0,AR,1562434678,49,-38.31,-60.23,53.32,8.84
10,Karratha,0,AU,1562434392,72,-20.74,116.85,62.86,2.44
11,Baiyin,0,CN,1562434678,54,36.55,104.13,59.0,6.71
12,Hermanus,100,ZA,1562434678,76,-34.42,19.24,64.99,21.99
13,Sumbe,0,AO,1562434679,86,-11.2,13.84,71.14,6.58
14,Northam,90,AU,1562434679,93,-31.65,116.67,53.6,4.7
15,Vaini,98,IN,1562434679,86,15.34,74.49,78.34,11.05
16,Yellowknife,75,CA,1562434679,55,62.45,-114.38,64.4,2.24
17,Chapais,75,CA,1562434679,48,49.78,-74.86,62.6,17.22
18,Te Anau,67,NZ,1562434680,80,-45.41,167.72,42.16,10.85
19,Vao,96,EE,1562434680,87,59.1,26.19,55.12,7.0
20,Lagoa,20,PT,1562434680,73,37.14,-8.45,80.01,23.04
21,Pleasanton,1,US,1562434680,56,37.66,-121.87,77.0,3.36
22,Airai,7,TL,1562434680,76,-8.93,125.41,63.94,6.76
23,Rikitea,99,PF,1562434381,71,-23.12,-134.97,70.42,22.37
24,Yuksekova,0,TR,1562434680,30,37.57,44.29,75.2,5.82
25,Kavaratti,100,IN,1562434680,80,10.57,72.64,83.74,18.07
26,Hobart,65,AU,1562434681,100,-42.88,147.33,43.0,3.36
27,Thompson,40,CA,1562434681,31,55.74,-97.86,73.4,9.17
28,Busselton,8,AU,1562434681,80,-33.64,115.35,50.0,16.13
29,Hilo,1,US,1562434506,64,19.71,-155.08,75.0,5.82
30,Ushuaia,40,AR,1562434681,86,-54.81,-68.31,41.0,4.7
31,Sapucaia,8,BR,1562434681,57,-21.99,-42.91,66.1,6.96
32,Nanortalik,87,GL,1562434681,75,60.14,-45.24,42.88,1.21
33,Avarua,3,CK,1562434682,64,-21.21,-159.78,71.6,10.29
34,Opuwo,0,NA,1562434659,20,-18.06,13.84,66.46,8.1
35,Coihaique,40,CL,1562434682,76,-45.58,-72.07,48.2,4.7
36,Bandarbeyla,94,SO,1562434682,35,9.49,50.81,90.04,17.31
37,Deputatskiy,79,RU,1562434682,80,69.3,139.9,48.46,4.16
38,Nanchang,100,CN,1562434682,92,28.68,115.89,76.54,2.24
39,Arraial do Cabo,40,BR,1562434683,56,-22.97,-42.02,68.0,20.8
40,Esperance,89,AU,1562434683,93,-33.86,121.89,48.2,11.41
41,Townsville,75,AU,1562434476,88,-19.26,146.82,68.0,1.12
42,Samarai,49,PG,1562434683,92,-10.62,150.67,73.3,2.91
43,Kangaatsiaq,43,GL,1562434683,73,68.31,-53.46,45.58,10.51
44,Kapaa,1,US,1562434683,94,22.08,-159.32,77.0,6.93
45,Fairbanks,1,US,1562434657,60,64.84,-147.72,73.99,1.86
46,Talnakh,0,RU,1562434683,66,69.49,88.39,53.6,17.9
47,Diamantino,55,BR,1562434684,33,-14.4,-56.44,74.02,10.94
48,Provideniya,59,RU,1562434398,54,64.42,-173.23,59.26,1.05
49,Atuona,41,PF,1562434684,79,-9.8,-139.03,81.22,20.76
50,Tuktoyaktuk,90,CA,1562434684,87,69.44,-133.03,44.6,26.4
51,Bannu,1,PK,1562434684,30,32.99,70.6,96.7,5.08
52,Albany,20,US,1562434684,52,42.65,-73.75,91.99,10.29
53,San Antonio,90,CL,1562434684,82,-33.58,-71.61,55.4,4.7
54,Itirapina,0,BR,1562434685,50,-22.26,-47.82,57.2,5.82
55,Deniliquin,79,AU,1562434685,80,-35.53,144.96,52.0,5.01
56,Itoman,75,JP,1562434685,94,26.12,127.67,78.8,13.87
57,Puerto Ayacucho,20,CO,1562434685,66,5.66,-67.63,86.0,9.86
58,Ostrovnoy,100,RU,1562434685,89,68.05,39.51,47.2,8.59
59,Cape Town,75,ZA,1562434685,93,-33.93,18.42,59.0,18.34
60,Ryotsu,0,JP,1562434685,78,38.08,138.43,71.6,5.82
61,Griffith,26,AU,1562434685,67,-34.29,146.06,57.2,14.99
62,Salinopolis,26,BR,1562434686,81,-0.61,-47.36,81.76,18.84
63,Imeni Poliny Osipenko,0,RU,1562434686,97,52.42,136.49,56.38,1.7
64,Fortuna,75,US,1562434686,77,40.6,-124.16,64.99,12.75
65,Puerto Ayora,75,EC,1562434686,69,-0.74,-90.35,77.0,9.17
66,Hualmay,96,PE,1562434686,86,-11.1,-77.61,63.22,13.78
67,Goderich,69,CA,1562434460,91,43.74,-81.71,87.01,10.11
68,Trenggalek,1,ID,1562434686,95,-8.05,111.71,67.9,4.0
69,Inuvik,40,CA,1562434687,62,68.36,-133.71,53.6,11.41
70,Vila Franca do Campo,40,PT,1562434687,73,37.72,-25.43,69.8,8.05
71,Butaritari,100,KI,1562434687,76,3.07,172.79,82.3,3.98
72,Omboue,1,GA,1562434687,87,-1.57,9.26,73.12,14.92
73,Kuna,1,US,1562434687,30,43.49,-116.42,82.99,3.36
74,Birjand,0,IR,1562434687,21,32.86,59.22,80.6,16.11
75,Tigre,0,AR,1562434687,62,-34.42,-58.58,54.0,8.05
76,Vicente Guerrero,75,MX,1562434688,47,16.93,-96.7,75.2,3.36
77,San Nicolas,84,PH,1562434688,88,16.07,120.76,77.26,1.59
78,Severo-Kurilsk,91,RU,1562434688,93,50.68,156.12,42.7,3.83
79,Ancud,75,CL,1562434688,100,-41.87,-73.83,46.4,8.05
80,Damietta,0,EG,1562434688,79,31.42,31.81,84.2,13.87
81,Bluff,91,AU,1562434688,81,-23.58,149.07,60.88,21.39
82,Yamada,40,JP,1562434688,94,36.58,137.08,71.01,4.7
83,Lebu,83,ET,1562434689,85,8.96,38.73,59.26,1.95
84,Chuy,75,UY,1562434689,68,-33.69,-53.46,48.1,12.75
85,Aklavik,40,CA,1562434689,66,68.22,-135.01,53.6,5.82
86,Taoudenni,4,ML,1562434689,5,22.68,-3.98,113.98,3.04
87,Hope,75,US,1562434689,66,33.67,-93.59,88.0,3.36
88,San Lorenzo,0,HN,1562434689,38,13.43,-87.45,96.16,3.6
89,Pevek,25,RU,1562434475,77,69.7,170.27,46.66,26.78
90,Paamiut,91,GL,1562434390,81,61.99,-49.67,45.22,6.08
91,Geraldton,40,CA,1562434448,42,49.72,-86.95,66.2,5.82
92,Wuan,100,CN,1562434690,32,31.68,112.0,79.6,2.89
93,Kenai,1,US,1562434690,77,60.55,-151.26,70.0,5.82
94,Fukue,75,JP,1562434690,94,35.03,136.69,78.01,16.11
95,Carutapera,47,BR,1562434690,76,-1.2,-46.02,83.02,9.19
96,Kasongo-Lunda,0,CD,1562434690,29,-6.48,16.82,74.74,2.66
97,Hervey Bay,40,AU,1562434691,93,-25.3,152.85,62.01,9.17
98,Tasiilaq,5,GL,1562434691,81,65.61,-37.64,44.6,11.41
99,Upernavik,99,GL,1562434417,71,72.79,-56.15,44.68,7.11
100,Bredasdorp,88,ZA,1562434691,63,-34.53,20.04,64.99,24.16
101,Chokurdakh,100,RU,1562434691,81,70.62,147.9,41.62,13.71
102,Severodvinsk,40,RU,1562434691,82,64.56,39.82,60.8,4.47
103,Bambous Virieux,40,MU,1562434691,78,-20.34,57.76,73.4,6.93
104,Saint George,20,GR,1562434692,25,39.45,22.34,89.6,11.41
105,Nome,1,US,1562434692,66,30.04,-94.42,91.99,1.97
106,Monrovia,75,LR,1562434692,78,6.33,-10.8,80.6,12.75
107,Bintulu,75,MY,1562434692,94,3.17,113.03,77.0,4.7
108,Clyde River,90,CA,1562434692,100,70.47,-68.59,35.6,19.46
109,Cherskiy,61,RU,1562434692,48,68.75,161.3,65.56,14.9
110,Narsaq,75,GL,1562434692,51,60.91,-46.05,59.0,4.7
111,Kutum,50,SD,1562434693,22,14.2,24.66,90.22,3.89
112,Verkhniye Tatyshly,77,RU,1562434693,92,56.29,55.86,53.86,6.98
113,Mataura,80,NZ,1562434693,85,-46.19,168.86,42.34,14.56
114,Port Alfred,15,ZA,1562434693,58,-33.59,26.89,66.0,5.01
115,Touros,40,BR,1562434693,62,-5.2,-35.46,84.2,11.41
116,Mareeba,27,AU,1562434693,93,-16.99,145.42,66.2,10.29
117,Sept-Iles,75,CA,1562434458,64,50.2,-66.38,75.2,8.05
118,Huanren,22,CN,1562434693,92,41.26,125.37,61.78,1.07
119,Tweed,75,CA,1562434694,66,44.48,-77.31,84.99,2.24
120,Fomboni,18,KM,1562434694,78,-12.28,43.74,77.62,12.24
121,Bay Roberts,75,CA,1562434694,72,47.58,-53.28,68.0,6.93
122,Lorengau,99,PG,1562434694,88,-2.02,147.27,77.26,10.67
123,Wanning,75,AT,1562434694,30,48.64,13.53,84.2,11.41
124,Cordoba,24,AR,1562434606,41,-27.78,-67.24,56.38,7.85
125,Leisure City,75,US,1562434695,78,37.49,-88.44,86.0,3.36
126,Entre Rios,0,BR,1562434695,50,-11.94,-38.08,86.98,4.88
127,East London,0,ZA,1562434695,87,-33.02,27.91,59.0,12.75
128,Miri,47,NG,1562434695,57,10.31,9.75,82.84,3.09
129,Hithadhoo,86,MV,1562434497,67,-0.6,73.08,84.46,7.27
130,Susanville,1,US,1562434695,31,40.42,-120.65,78.01,6.62
131,Agar,100,IN,1562434695,85,23.71,76.02,76.36,12.19
132,San Cristobal,26,HN,1562434695,42,14.68,-86.92,85.72,9.64
133,New Norfolk,65,AU,1562434696,100,-42.78,147.06,43.0,3.36
134,Flinders,90,AU,1562434696,100,-34.58,150.85,55.99,6.93
135,Kinshasa,20,CD,1562434696,69,-4.32,15.31,82.4,5.82
136,Puerto del Rosario,20,ES,1562434696,73,28.5,-13.86,78.8,18.34
137,Sembakung,1,ID,1562434434,97,3.82,117.25,73.3,0.85
138,Kavieng,100,PG,1562434696,78,-2.57,150.8,79.78,6.89
139,Dingle,95,PH,1562434438,88,11.0,122.67,74.74,3.58
140,Onega,62,RU,1562434696,84,63.91,38.09,57.64,7.34
141,Kaeo,9,NZ,1562434696,94,-35.1,173.78,42.01,5.01
142,Honiara,20,SB,1562434697,94,-9.43,159.96,69.8,3.36
143,Mandapam,100,IN,1562434697,66,9.28,79.12,86.26,17.34
144,Katsuura,75,JP,1562434400,83,33.93,134.5,73.4,10.29
145,Launceston,94,AU,1562434697,100,-41.43,147.14,39.0,5.82
146,Walvis Bay,0,NA,1562434697,82,-22.95,14.51,66.2,4.7
147,Vila Velha,75,BR,1562434402,66,-3.71,-38.6,86.0,14.99
148,Lompoc,90,US,1562434697,82,34.64,-120.46,64.99,8.05
149,Faanui,8,PF,1562434429,81,-16.48,-151.75,77.44,15.08
150,Dikson,8,RU,1562434697,89,73.51,80.55,34.6,15.79
151,Lazaro Cardenas,75,MX,1562434698,44,28.39,-105.62,82.99,5.82
152,Phan Thiet,0,VN,1562434698,87,10.93,108.1,74.38,5.68
153,Pangody,99,RU,1562434698,54,65.85,74.49,60.88,22.82
154,Vardo,40,US,1562434698,58,39.62,-77.74,91.4,4.7
155,Kruisfontein,15,ZA,1562434698,51,-34.0,24.73,60.52,11.45
156,Tiksi,63,RU,1562434698,84,71.64,128.87,38.38,6.22
157,Saint-Philippe,90,CA,1562434698,78,45.36,-73.48,82.99,11.41
158,Sudzha,0,RU,1562434699,72,51.19,35.27,56.02,7.96
159,Coquimbo,90,CL,1562434699,71,-29.95,-71.34,68.0,4.7
160,Norman Wells,90,CA,1562434699,93,65.28,-126.83,55.4,17.22
161,Dukat,0,AL,1562434699,46,40.25,19.57,82.99,8.01
162,Curuca,32,BR,1562434699,88,-2.52,-61.06,83.38,3.27
163,Shenzhen,40,CN,1562434699,89,22.54,114.05,86.0,17.9
164,Carnarvon,0,ZA,1562434699,40,-30.97,22.13,52.06,15.21
165,Guerrero Negro,13,MX,1562434700,85,27.97,-114.04,63.58,9.91
166,Leningradskiy,0,RU,1562434700,68,69.38,178.42,52.78,9.46
167,Whitecourt,90,CA,1562434640,93,54.14,-115.68,53.6,10.29
168,Kijang,20,KR,1562434468,64,35.24,129.21,73.4,18.34
169,Benjamin Hill,62,MX,1562434700,41,30.17,-111.1,91.99,3.0
170,Urusha,67,RU,1562434700,68,54.05,122.9,57.28,2.06
171,Pisco,20,PE,1562434700,30,-13.71,-76.2,71.6,9.17
172,Vanavara,91,RU,1562434700,91,60.35,102.28,58.9,5.39
173,Port Hardy,90,CA,1562434700,93,50.7,-127.42,57.2,4.7
174,Ozark,40,US,1562434701,74,37.02,-93.21,88.0,3.36
175,Ohara,74,JP,1562434701,87,35.12,135.83,73.99,1.99
176,Laguna,75,BZ,1562434701,66,16.17,-88.94,87.8,6.93
177,Leh,0,IN,1562434701,48,34.16,77.58,37.12,4.65
178,Husavik,60,CA,1562434701,38,50.56,-96.99,71.01,1.12
179,Beberibe,75,BR,1562434701,66,-4.18,-38.13,86.0,14.99
180,Banda Aceh,47,ID,1562434502,71,5.56,95.32,83.56,5.88
181,Lakes Entrance,8,AU,1562434702,96,-37.88,147.99,39.0,6.46
182,Georgetown,40,GY,1562434702,70,6.8,-58.16,87.8,9.17
183,Ahipara,86,NZ,1562434702,100,-35.17,173.16,42.01,9.01
184,Bilibino,17,RU,1562434702,51,68.06,166.44,62.32,11.41
185,Castro,75,CL,1562434702,100,-42.48,-73.76,46.4,8.05
186,Mar del Plata,0,AR,1562434702,61,-46.43,-67.52,50.08,12.26
187,Ngunguru,0,NZ,1562434702,94,-35.62,174.5,39.0,5.01
188,Daru,34,PG,1562434703,92,-9.07,143.21,73.48,6.06
189,Hasaki,75,JP,1562434703,100,35.73,140.83,68.0,19.46
190,Guna,100,IN,1562434407,92,24.65,77.32,75.46,12.62
191,Turhal,40,TR,1562434703,46,40.38,36.08,71.6,17.22
192,Matam,87,SN,1562434703,29,15.66,-13.26,99.76,9.48
193,Portland,75,US,1562434703,55,43.66,-70.25,93.0,8.05
194,Port Elizabeth,90,US,1562434704,88,39.31,-74.98,93.99,14.99
195,Jiwani,0,PK,1562434704,84,25.05,61.74,84.82,7.7
196,Bloemfontein,0,ZA,1562434704,23,-29.12,26.22,50.0,4.7
197,Merauke,0,ID,1562434704,84,-8.49,140.4,77.08,18.21
198,Acajutla,0,SV,1562434704,55,13.59,-89.83,84.46,6.67
199,Salto,20,BR,1562434527,51,-23.2,-47.29,66.99,5.82
200,La Ronge,75,CA,1562434704,43,55.1,-105.3,69.8,9.17
201,Kodiak,40,US,1562434704,39,39.95,-94.76,82.0,10.29
202,Cayenne,75,GF,1562434514,66,4.94,-52.33,87.8,12.75
203,Caravelas,78,BR,1562434705,81,-17.73,-39.27,74.74,18.95
204,Grand Gaube,40,MU,1562434705,78,-20.01,57.66,73.4,6.93
205,Pangnirtung,90,CA,1562434705,100,66.15,-65.72,41.0,5.82
206,Corinto,20,CO,1562434705,54,3.17,-76.26,84.2,3.36
207,Kumluca,80,TR,1562434705,47,36.37,30.29,68.98,2.44
208,Sola,90,TZ,1562434705,46,-3.17,33.8,74.92,7.29
209,Bethel,1,US,1562434706,82,60.79,-161.76,66.2,8.05
210,Sur,30,OM,1562434706,53,22.57,59.53,88.06,12.44
211,Tevaitoa,9,PF,1562434706,81,-16.78,-151.5,76.72,14.83
212,Atar,13,MR,1562434706,12,20.52,-13.05,107.68,9.24
213,Saldanha,0,PT,1562434706,32,41.42,-6.55,80.86,11.52
214,Nabire,88,ID,1562434706,98,-3.36,135.5,67.9,4.07
215,Kodinar,87,IN,1562434707,76,20.79,70.7,83.2,15.28
216,Severo-Yeniseyskiy,53,RU,1562434707,90,60.37,93.04,58.0,9.01
217,Kahului,1,US,1562434707,69,20.89,-156.47,77.0,3.36
218,Lagunas,100,PE,1562434707,98,-5.23,-75.68,72.94,2.3
219,Cabo San Lucas,75,MX,1562434662,69,22.89,-109.91,93.99,2.24
220,Rakitnoye,0,RU,1562434707,42,50.83,35.83,66.2,8.95
221,Nikolskoye,20,RU,1562434707,62,59.7,30.79,59.0,6.71
222,Qiryat Yam,20,IL,1562434707,74,32.85,35.07,82.4,6.93
223,Sladkovo,72,RU,1562434707,96,55.53,70.34,56.92,14.32
224,Pindiga,44,NG,1562434708,71,9.98,10.93,82.3,9.28
225,Grindavik,0,IS,1562434708,58,63.84,-22.43,63.0,10.29
226,Komsomolskiy,44,RU,1562434416,58,67.55,63.78,54.76,14.25
227,Mitsamiouli,0,KM,1562434708,79,-11.38,43.28,77.62,16.28
228,Ä°stisu,40,AZ,1562434708,47,40.95,48.07,80.6,3.18
229,Mananjary,6,MG,1562434708,59,-19.16,46.8,62.68,2.3
230,Aktau,20,KZ,1562434708,34,43.65,51.16,82.4,15.66
231,Cidreira,99,BR,1562434709,60,-30.17,-50.22,49.36,15.43
232,Linkoping,85,SE,1562434599,82,58.41,15.62,62.6,5.82
233,Waingapu,0,ID,1562434709,79,-9.65,120.26,66.1,12.46
234,Nouakchott,100,MR,1562434709,74,18.08,-15.98,78.8,17.22
235,Toamasina,75,MG,1562434709,94,-18.17,49.38,69.8,2.24
236,Kaitangata,82,NZ,1562434709,67,-46.28,169.85,39.99,11.01
237,Kupang,0,ID,1562434710,73,-10.16,123.6,69.8,6.93
238,Owando,86,CG,1562434710,87,-0.49,15.91,75.64,2.86
239,Acari,97,BR,1562434710,28,-6.44,-36.64,94.0,6.8
240,Baker City,1,US,1562434710,35,44.77,-117.83,73.4,6.93
241,Kedougou,97,SN,1562434710,64,12.56,-12.19,87.16,3.42
242,Yumen,100,CN,1562434710,48,40.29,97.04,65.74,6.67
243,Stephenville,75,CA,1562434710,72,48.55,-58.59,66.2,17.22
244,Taltal,100,CL,1562434423,73,-25.41,-70.49,57.46,4.25
245,Sinnamary,19,GF,1562434415,78,5.38,-52.96,81.04,14.32
246,Sabha,0,LY,1562434711,11,27.03,14.43,92.56,6.29
247,Pilar,0,AR,1562434711,62,-34.46,-58.91,54.0,8.05
248,Alofi,18,NU,1562434711,88,-19.06,-169.92,66.2,4.7
249,San-Pedro,53,CI,1562434711,85,4.75,-6.64,76.0,6.93
250,Vrangel,0,RU,1562434711,96,42.73,133.08,53.68,2.13
251,Lavrentiya,24,RU,1562434711,53,65.58,-170.99,63.4,3.29
252,Aksay,31,KZ,1562434712,48,51.17,53.01,64.48,5.17
253,Sao Joao da Barra,75,BR,1562434712,53,-21.64,-41.05,73.4,17.22
254,Polunochnoye,14,RU,1562434712,86,60.87,60.43,53.32,4.7
255,Qaqortoq,75,GL,1562434712,51,60.72,-46.03,59.0,4.7
256,Luga,71,RU,1562434712,80,58.74,29.85,54.22,2.82
257,Lavumisa,0,ZA,1562434712,48,-27.31,31.88,57.46,3.8
258,Saint-Pierre,0,FR,1562434712,28,48.95,4.24,89.6,10.29
259,Victoria,75,BN,1562434713,88,5.28,115.24,80.6,3.13
260,Birao,0,CF,1562434713,58,10.3,22.78,83.92,5.82
261,Isangel,0,VU,1562434713,85,-19.55,169.27,74.02,23.62
262,Boden,75,SE,1562434713,81,65.83,21.69,53.6,1.12
263,San Patricio,0,PY,1562434713,48,-26.98,-56.83,52.6,3.76
264,Hvide Sande,47,DK,1562434713,67,56.01,8.13,59.0,23.04
265,Sinegorye,100,RU,1562434713,73,62.09,150.53,51.16,3.89
266,Comodoro Rivadavia,0,AR,1562434714,51,-45.87,-67.48,60.8,11.41
267,Karak,0,JO,1562434714,39,31.18,35.7,82.4,11.41
268,Beringovskiy,59,RU,1562434527,84,63.05,179.32,51.16,5.03
269,Honningsvag,39,NO,1562434466,88,70.98,25.97,45.94,27.11
270,Simbahan,76,PH,1562434714,77,6.3,120.58,82.66,12.75
271,Ust-Kut,97,RU,1562434714,94,56.78,105.75,59.44,5.97
272,Ribeira Grande,75,PT,1562434436,88,38.52,-28.7,69.8,2.24
273,Kuantan,75,MY,1562434451,94,3.82,103.33,77.0,0.22
274,Foumban,29,CM,1562434714,89,5.73,10.9,65.92,3.6
275,Synya,65,RU,1562434714,95,65.37,58.04,55.48,1.43
276,Evensk,0,RU,1562434715,77,61.92,159.24,51.7,0.43
277,Hambantota,100,LK,1562434428,81,6.12,81.12,82.66,17.6
278,Sao Filipe,13,CV,1562434511,84,14.9,-24.5,73.3,23.47
279,Kokologo,20,BF,1562434715,52,12.19,-1.88,91.4,4.7
280,Coswig,0,DE,1562434715,33,51.13,13.58,78.01,9.17
281,Ouesso,68,CG,1562434715,80,1.61,16.05,76.36,4.61
282,Stavern,75,NO,1562434715,100,59.0,10.03,55.4,10.29
283,Podgornoye,61,RU,1562434715,73,57.79,82.64,61.06,4.47
284,Meulaboh,53,ID,1562434716,71,4.14,96.13,84.28,9.24
285,Faya,40,SA,1562434716,60,18.39,42.45,77.0,4.7
286,Wenatchee,1,US,1562434716,40,47.42,-120.31,73.99,6.93
287,Gamba,100,CN,1562434716,65,28.28,88.52,44.5,4.16
288,Grande Prairie,75,CA,1562434716,77,55.17,-118.79,60.8,4.7
289,Alexandria,4,RO,1562434716,47,43.97,25.33,84.0,4.43
290,Sao Lourenco do Sul,40,BR,1562434716,47,-31.37,-51.98,55.4,23.04
291,Hun,0,BE,1562434717,60,50.34,4.87,73.99,6.93
292,Broome,75,GB,1562434717,77,52.47,1.45,62.6,5.82
293,Avera,90,US,1562434717,78,33.19,-82.53,90.0,5.82
294,Warrnambool,32,AU,1562434717,96,-38.38,142.48,51.01,4.0
295,Willowmore,24,ZA,1562434717,60,-33.3,23.49,52.42,7.45
296,Tuatapere,56,NZ,1562434717,76,-46.13,167.69,49.54,37.63
297,Mount Gambier,40,AU,1562434717,76,-37.83,140.78,55.4,11.41
298,Buchanan,75,LR,1562434718,78,5.88,-10.05,80.6,12.75
299,Saskylakh,100,RU,1562434718,96,71.97,114.09,41.98,10.8
300,Filingue,49,NE,1562434718,23,14.35,3.32,99.76,10.78
301,Suntar,100,RU,1562434718,81,62.16,117.65,51.16,4.9
302,Saint-Georges,100,CA,1562434718,92,46.12,-70.67,73.99,3.0
303,Visby,0,SE,1562434718,72,57.64,18.3,60.8,13.87
304,Yerbogachen,83,RU,1562434719,80,61.28,108.01,62.5,6.22
305,Darhan,12,MN,1562434719,50,49.49,105.92,61.6,3.24
306,Solnechnyy,88,RU,1562434719,98,50.72,136.64,60.7,1.79
307,Ivanovka,7,RU,1562434719,92,55.56,88.79,58.18,6.67
308,Rawson,0,AR,1562434719,52,-43.3,-65.11,53.32,5.55
309,Hay River,90,CA,1562434719,93,60.82,-115.79,59.0,3.36
310,Dali,3,CN,1562434719,21,34.79,109.94,74.92,3.94
311,Riyadh,0,SA,1562434720,6,24.63,46.72,104.0,6.93
312,Cairns,15,AU,1562434720,93,-16.92,145.77,66.2,10.29
313,Poum,20,MK,1562434720,45,41.28,20.71,82.4,2.39
314,Namibe,75,AO,1562434720,90,-15.19,12.15,68.98,9.4
315,Tyrma,91,RU,1562434720,97,50.04,132.17,60.34,0.67
316,Kalamare,0,BW,1562434720,38,-22.93,26.57,52.96,1.32
317,Paramonga,79,PE,1562434721,88,-10.68,-77.82,62.14,11.52
318,Ziyang,100,CN,1562434721,88,30.12,104.65,74.2,1.5
319,Yulara,90,AU,1562434721,47,-25.24,130.99,55.4,6.93
320,Kaseda,0,JP,1562434721,86,31.42,130.32,74.92,2.53
321,Tomigusuku,75,JP,1562434721,94,26.18,127.67,78.8,13.87
322,Batemans Bay,0,AU,1562434721,97,-35.71,150.18,46.99,3.42
323,Mvuma,0,ZW,1562434722,50,-19.28,30.53,52.42,3.85
324,Mokhsogollokh,73,RU,1562434722,95,61.4,128.95,46.48,1.52
325,Ladario,37,PT,1562434722,60,40.7,-7.74,77.0,7.0
326,Devils Lake,1,US,1562434722,49,48.11,-98.87,69.8,3.36
327,Moron,76,HT,1562434722,71,18.56,-74.26,82.66,3.78
328,Yeniseysk,99,RU,1562434722,95,58.45,92.17,59.08,3.31
329,Akureyri,0,IS,1562434722,47,65.68,-18.09,59.0,23.04
330,Manglaur,9,IN,1562434723,49,29.79,77.88,87.34,5.86
331,Methven,17,NZ,1562434723,64,-43.63,171.65,39.99,4.0
332,Mayo,40,CA,1562434723,45,63.59,-135.9,68.0,5.82
333,Huilong,99,CN,1562434723,85,31.15,106.5,75.1,1.41
334,Nuuk,75,GL,1562434653,62,64.17,-51.74,53.6,14.99
335,Chandbali,100,IN,1562434723,78,20.77,86.74,80.5,15.97
336,Camacha,20,PT,1562434723,64,33.08,-16.33,73.4,13.87
337,Port Augusta,90,AU,1562434724,72,-32.49,137.76,59.0,5.82
338,Whitehorse,75,CA,1562434724,56,60.72,-135.06,68.0,9.17
339,Harper,75,US,1562434724,66,30.3,-99.24,88.0,3.36
340,Bani Walid,0,LY,1562434724,25,31.76,14.0,85.72,10.22
341,Saint Anthony,1,US,1562434725,43,43.97,-111.68,75.99,3.36
342,Pemberton,56,AU,1562434725,98,-34.44,116.03,50.0,4.09
343,Urengoy,100,RU,1562434725,61,65.96,78.37,63.76,12.59
344,Olinda,28,AU,1562434725,81,-37.84,145.39,55.0,6.93
345,Rio Grande,40,BR,1562434725,47,-32.03,-52.1,55.4,23.04
346,Oeiras do Para,27,BR,1562434725,51,-2.0,-49.85,91.12,3.24
347,Iqaluit,40,CA,1562434638,81,63.75,-68.52,46.4,3.36
348,Kirkwall,77,GB,1562434725,76,58.98,-2.96,51.8,14.99
349,Jambi,2,ID,1562434536,97,-1.6,103.62,73.12,2.19
350,Lobva,44,RU,1562434726,91,59.19,60.52,53.5,5.48
351,San Juan,100,AR,1562434726,39,-31.54,-68.53,48.64,4.12
352,Yate,90,GB,1562434726,77,51.54,-2.41,73.0,9.17
353,Ponta Delgada,40,PT,1562434584,73,37.73,-25.67,69.8,8.05
354,Guaraniacu,0,BR,1562434726,40,-25.1,-52.88,51.8,11.41
355,Salalah,90,OM,1562434726,83,17.01,54.1,84.2,3.36
356,Biak,83,ID,1562434726,98,-0.91,122.88,60.34,5.59
357,Qaanaaq,83,GL,1562434727,53,77.48,-69.36,44.32,1.34
358,Torbay,75,CA,1562434727,72,47.66,-52.73,68.0,6.93
359,Port Lincoln,99,AU,1562434445,77,-34.72,135.86,57.82,17.38
360,Havelock,75,US,1562434451,66,34.88,-76.9,93.0,10.29
361,Mattawa,75,CA,1562434727,60,46.32,-78.7,75.0,6.93
362,Bathsheba,20,BB,1562434727,62,13.22,-59.52,87.8,16.11
363,Cabra,0,ES,1562434727,24,37.47,-4.43,91.4,9.17
364,Huangchuan,40,CN,1562434727,93,24.57,102.46,68.0,6.71
365,Ossora,84,RU,1562434728,87,59.24,163.07,47.38,4.45
366,Atambua,0,ID,1562434728,68,-9.11,124.89,74.2,16.67
367,Arlit,24,NE,1562434728,11,18.74,7.39,106.24,10.18
368,Kununurra,0,AU,1562434728,82,-15.77,128.74,55.4,7.02
369,Grand-Santi,86,GF,1562434728,57,4.27,-54.38,86.98,3.53
370,Los Llanos de Aridane,75,ES,1562434729,69,28.66,-17.92,73.4,12.75
371,Vestmannaeyjar,0,IS,1562434729,87,63.44,-20.27,55.4,12.75
372,Samana,75,EC,1562434729,74,0.12,-76.97,78.8,2.24
373,Le Port,20,FR,1562434729,14,42.87,1.37,91.99,10.29
374,Lalsot,75,IN,1562434729,100,26.56,76.33,77.0,9.17
375,Khandbari,100,NP,1562434729,95,27.38,87.21,59.8,0.49
376,Hemnesberget,100,NO,1562434729,91,66.23,13.61,44.5,4.43
377,Kaoma,0,ZM,1562434730,29,-14.8,24.8,61.24,4.99
378,Rancho Palos Verdes,90,US,1562434486,77,33.75,-118.37,72.0,4.7
379,Baracoa,49,CU,1562434730,78,20.35,-74.5,83.2,14.12
380,Avila,8,US,1562434730,66,38.91,-76.61,93.2,6.93
381,Teahupoo,75,PF,1562434730,78,-17.83,-149.27,75.2,3.36
382,Banfora,69,BF,1562434730,63,10.64,-4.75,85.0,4.21
383,Gravdal,75,NO,1562434730,76,59.79,5.78,57.99,26.4
384,Kapit,2,MY,1562434731,98,2.02,112.94,72.58,0.22
385,Nioro,97,GM,1562434731,33,13.79,-15.05,96.7,4.79
386,Kyzyl-Suu,100,KG,1562434731,78,42.34,78.0,61.24,4.18
387,Erzin,0,TR,1562434731,54,36.95,36.2,84.2,17.22
388,Verkhoyansk,94,RU,1562434731,84,67.55,133.39,51.16,3.2
389,Robertsport,83,LR,1562434731,83,6.75,-11.37,77.08,12.91
390,Kalininsk,92,RU,1562434731,96,51.5,44.48,56.38,7.31
391,Ayan,73,IR,1562434732,39,38.23,44.7,60.7,3.13
392,Nakonde,39,ZM,1562434732,61,-9.33,32.75,63.94,7.52
393,Ambon,0,FR,1562434732,53,47.55,-2.56,77.0,14.99
394,Fuxin,7,CN,1562434732,93,42.02,121.65,63.94,4.65
395,Mujiayingzi,100,CN,1562434732,96,42.12,118.78,55.12,3.15
396,Quatre Cocos,40,MU,1562434732,78,-20.21,57.76,73.4,6.93
397,Santa Cruz,79,BR,1562434470,47,-6.22,-36.02,85.36,10.51
398,Dubbo,1,AU,1562434733,81,-32.25,148.6,53.6,12.75
399,Kjollefjord,20,NO,1562434733,82,70.95,27.35,47.2,20.78
400,Bogorodskoye,26,RU,1562434733,96,52.37,140.44,53.68,4.27
401,Kaniama,0,CD,1562434733,28,-7.57,24.18,75.82,3.56
402,Jumla,47,NP,1562434733,94,29.28,82.18,53.86,3.0
403,Margate,65,AU,1562434733,100,-43.03,147.26,43.0,3.36
404,Zhangjiakou,100,CN,1562434733,76,40.77,114.88,52.24,8.14
405,San Carlos de Bariloche,0,AR,1562434734,57,-41.13,-71.31,50.0,4.7
406,Chazuta,75,PE,1562434734,290,-6.57,-76.13,62.6,3.36
407,Perth,90,AU,1562434445,100,-31.95,115.86,55.0,9.17
408,Nouadhibou,0,MR,1562434734,64,20.93,-17.03,75.2,20.8
409,Codrington,90,AU,1562434734,93,-28.95,153.24,59.0,1.97
410,Bucak,20,TR,1562434734,17,37.46,30.59,88.0,11.41
411,Tezpur,100,IN,1562434734,93,26.62,92.79,78.52,12.1
412,Nanga Eboko,70,CM,1562434734,95,4.68,12.37,71.14,6.53
413,Kuytun,100,RU,1562434735,94,54.34,101.51,55.66,3.15
414,Biltine,0,TD,1562434735,20,14.53,20.93,98.5,3.11
415,Pontal do Parana,0,BR,1562434735,36,-25.67,-48.51,62.01,4.7
416,Aasiaat,17,GL,1562434735,72,68.71,-52.87,43.96,4.79
417,Ballina,75,IE,1562434735,63,54.11,-9.15,63.0,9.17
418,Brownfield,40,US,1562434736,57,33.18,-102.27,84.0,18.34
419,Anyama,20,CI,1562434736,78,5.5,-4.06,80.6,13.87
420,Tautira,75,PF,1562434736,78,-17.73,-149.15,75.2,3.36
421,Victoria,75,BN,1562434548,88,5.28,115.24,80.6,3.13
422,Kadi,75,IN,1562434736,88,23.3,72.33,82.4,4.7
423,Yushan,0,CN,1562434736,100,31.68,118.49,71.6,2.24
424,Lopez Jaena,87,PH,1562434736,87,16.43,120.6,70.6,3.04
425,Morki,55,RU,1562434736,97,56.43,49.0,55.84,3.24
426,Constitucion,75,MX,1562434737,40,23.99,-104.67,75.99,6.93
427,Beni,95,CD,1562434737,97,0.49,29.47,66.28,0.89
428,Carora,100,VE,1562434737,46,10.17,-70.08,89.68,3.6
429,Kozluk,20,TR,1562434737,33,38.17,41.5,86.0,6.93
430,Tiarei,75,PF,1562434737,78,-17.53,-149.33,75.2,3.36
431,Mahebourg,40,MU,1562434737,78,-20.41,57.7,73.4,6.93
432,Chapulhuacan,48,MX,1562434738,66,21.17,-98.9,76.54,6.2
433,Portree,62,GB,1562434738,78,57.41,-6.19,53.01,7.0
434,Namtsy,0,RU,1562434738,87,62.72,129.66,50.0,6.71
435,Tadine,79,NC,1562434738,82,-21.55,167.88,70.6,24.54
436,Sicuani,11,PE,1562434727,27,-14.27,-71.23,55.3,9.51
437,El Jicaro,24,GT,1562434738,54,14.91,-89.89,79.42,1.68
438,High Level,75,CA,1562434738,43,58.52,-117.13,71.6,2.24
439,Rocha,15,UY,1562434586,64,-34.48,-54.34,46.84,11.16
440,Basco,1,US,1562434479,62,40.33,-91.2,88.0,9.17
441,Russell,1,US,1562434739,54,38.9,-98.86,82.4,3.36
442,Tessalit,75,ML,1562434603,22,20.2,1.01,96.7,12.82
443,Mporokoso,22,ZM,1562434739,49,-9.37,30.12,61.96,1.5
444,Myrtle Beach,1,US,1562434739,74,33.7,-78.89,91.0,9.17
445,Hami,100,CN,1562434739,48,42.84,93.51,73.3,11.03
446,Topolevo,96,RU,1562434739,100,48.51,135.17,68.0,2.24
447,Fort Nelson,75,CA,1562434739,55,58.81,-122.69,66.2,4.7
448,Veraval,0,FR,1562434739,41,49.65,0.71,78.8,10.29
449,Ambilobe,12,MG,1562434740,72,-13.19,49.05,73.3,6.55
450,Muravlenko,84,RU,1562434740,92,63.79,74.5,56.2,14.61
451,Hadrut,16,AZ,1562434740,54,39.52,47.03,71.32,2.39
452,Brae,98,GB,1562434740,71,60.4,-1.35,51.8,13.87
453,Warmbad,0,DE,1562434740,24,50.67,13.08,80.01,12.75
454,Skibbereen,75,IE,1562434740,77,51.55,-9.27,66.2,4.7
455,Port Moresby,4,PG,1562434741,84,-9.47,147.16,77.8,19.89
456,Kondinskoye,97,RU,1562434741,74,59.65,67.41,57.82,8.16
457,Bahia Blanca,0,AR,1562434555,48,-38.72,-62.27,54.22,12.46
458,Sitka,100,US,1562434741,72,37.17,-99.65,75.99,4.54
459,Pietermaritzburg,3,ZA,1562434741,79,-29.6,30.38,61.0,6.17
460,Sarankhola,100,BD,1562434741,84,22.31,89.79,81.76,9.89
461,Dunedin,52,NZ,1562434465,75,-45.87,170.5,42.01,4.0
462,Roald,75,NO,1562434742,71,62.58,6.12,59.0,20.8
463,Saint-Ambroise,75,CA,1562434742,47,48.56,-71.32,77.0,21.92
464,Yenagoa,96,NG,1562434742,92,4.92,6.26,76.72,7.11
465,Feijo,90,EC,1562434742,88,-3.63,-79.92,89.6,7.92
466,Jian,100,IN,1562434742,80,25.65,87.89,83.74,13.78
467,Oranjemund,14,ZA,1562434742,92,-28.55,16.43,55.12,9.31
468,Santa Rosa,0,AR,1562434743,38,-36.62,-64.29,57.64,8.61
469,Hovd,75,NO,1562434743,66,63.83,10.7,55.0,13.87
470,Sidi Ali,75,DZ,1562434743,72,36.1,0.42,78.52,8.05
471,Kieta,80,PG,1562434743,76,-6.22,155.63,78.16,4.12
472,Henderson,1,US,1562434595,10,36.04,-114.98,96.01,16.11
473,Loreto,0,PY,1562434743,30,-23.27,-57.32,59.26,4.61
474,Sorong,99,ID,1562434744,96,-0.86,131.25,73.66,6.08
475,Taiyuan,0,CN,1562434744,30,37.86,112.56,68.0,4.47
476,Redondela,75,ES,1562434744,73,42.28,-8.61,75.0,8.05
477,Ilave,6,PE,1562434744,22,-16.09,-69.64,58.36,4.25
478,Marawi,95,PH,1562434744,96,8.0,124.29,75.99,5.01
479,Nanae,38,JP,1562434744,97,41.94,140.7,55.66,3.09
480,Mehamn,20,NO,1562434745,83,71.03,27.85,46.12,22.73
481,Zhangye,100,CN,1562434745,51,38.94,100.46,60.88,9.71
482,Namwala,0,ZM,1562434745,35,-15.75,26.45,61.78,1.68
483,Shimoda,100,JP,1562434745,72,34.7,138.93,73.99,4.0
484,Parabel,74,RU,1562434745,76,58.71,81.5,57.1,2.68
485,Antofagasta,0,CL,1562434745,63,-23.65,-70.4,60.8,9.17
486,Ardesen,20,TR,1562434745,83,41.19,40.99,75.2,4.7
487,Hokitika,0,NZ,1562434746,64,-42.72,170.96,43.78,3.6
488,Resistencia,0,AR,1562434746,28,-27.45,-58.99,57.2,6.93
489,Srednekolymsk,79,RU,1562434746,57,67.46,153.71,61.06,8.43
490,Naze,81,NG,1562434746,91,5.43,7.07,76.36,6.91
491,Lock Haven,20,US,1562434679,62,41.14,-77.45,89.01,6.93
492,Ponta do Sol,64,BR,1562434664,40,-20.63,-46.0,63.94,10.31
493,Qiongshan,20,CN,1562434488,94,20.01,110.35,80.6,4.47
494,Yar-Sale,40,RU,1562434746,51,66.83,70.83,55.12,18.77
495,Mopti,34,ML,1562434746,38,14.49,-4.19,93.46,16.73
496,Maykopskoye,0,RU,1562434747,46,45.4,40.77,71.68,8.9
497,Shimanovsk,92,RU,1562434747,90,52.0,127.67,57.46,0.89
498,Rangoon,75,MM,1562434747,83,16.81,96.16,80.6,8.05
499,Banka,100,IN,1562434747,80,24.88,86.92,84.1,11.07
500,Okhotsk,100,RU,1562434747,96,59.36,143.24,44.68,1.21
501,Ulladulla,90,AU,1562434747,100,-35.36,150.48,50.0,6.93
502,Itupiranga,40,BR,1562434748,44,-5.13,-49.33,96.8,4.7
503,Kidal,23,ML,1562434748,23,18.44,1.41,98.32,15.23
504,Buala,100,SB,1562434748,85,-8.15,159.59,78.34,9.26
505,Hermiston,1,US,1562434499,40,45.84,-119.29,77.0,13.87
506,Kourou,75,GF,1562434748,66,5.16,-52.64,87.8,12.75
507,Nizhniy Kuranakh,88,RU,1562434748,91,58.84,125.49,54.94,1.32
508,Port-Gentil,75,GA,1562434749,88,-0.72,8.78,75.2,13.87
509,Ovruch,67,UA,1562434749,61,51.33,28.8,58.18,5.75
510,Port Hedland,0,AU,1562434749,82,-20.31,118.58,62.6,6.93
511,Sao Felix do Xingu,20,BR,1562434749,39,-6.64,-51.99,92.92,4.76
512,Bereda,75,ES,1562434749,77,43.27,-7.54,69.01,8.05
513,Aksarka,32,RU,1562434749,54,66.56,67.8,55.12,18.14
514,Manaus,40,BR,1562434710,70,-3.13,-59.98,87.8,3.36
515,Alenquer,20,BR,1562434750,79,-1.95,-54.74,87.8,10.29
516,Kattivakkam,40,IN,1562434750,74,13.22,80.32,87.8,9.17
517,Khani,75,GE,1562434750,78,41.96,42.96,75.2,11.41
518,Nenjiang,99,CN,1562434750,98,49.17,125.23,61.42,3.15
519,Katangli,74,RU,1562434750,93,51.71,143.23,51.52,5.17
520,Belogorsk,98,RU,1562434750,97,50.92,128.47,62.14,1.19
521,Azanka,48,RU,1562434750,97,58.04,64.79,53.5,6.2
522,Yorosso,36,ML,1562434751,42,12.35,-4.78,91.84,1.5
523,Yeppoon,75,AU,1562434751,82,-23.13,150.74,62.6,8.05
524,Kedrovyy,40,RU,1562434751,82,56.17,91.82,62.6,6.04
525,Marzuq,89,YE,1562434751,44,14.4,46.47,83.02,6.2
526,Half Moon Bay,20,US,1562434751,63,37.46,-122.43,73.0,10.29
527,Maniwaki,89,CA,1562434751,41,46.38,-75.98,77.08,10.45
528,Urcos,75,PE,1562434752,38,-13.69,-71.62,59.0,4.7
529,San Jeronimo,0,PE,1562434752,33,-13.65,-73.37,57.2,7.45
530,Nhulunbuy,2,AU,1562434752,94,-12.18,136.78,68.0,4.7
531,Tazovskiy,5,RU,1562434752,62,67.47,78.7,50.08,19.64
532,Celestun,4,MX,1562434752,72,20.87,-90.4,82.3,7.52
533,Bad Munstereifel,0,DE,1562434752,39,50.55,6.77,78.8,14.99
534,Rincon,20,PA,1562434498,59,8.46,-82.28,89.6,5.82
535,Shieli,33,KZ,1562434753,25,44.18,66.74,89.68,9.48
536,Hanyang,100,CN,1562434753,81,32.14,105.51,70.06,2.48
537,College,1,US,1562434694,60,64.86,-147.8,73.99,1.86
538,Luganville,99,VU,1562434753,98,-15.51,167.18,70.42,1.1
539,Bekhtery,0,UA,1562434753,41,46.25,32.3,77.0,4.47
540,Kamen-Rybolov,0,RU,1562434753,95,44.75,132.04,58.0,7.47
